Date,SPX_Returns,VIX_Returns_lag2,M2_Money_Supply_return_lag2,weighted_sentiment_vader_lag5
2020-04-07,-0.001604339048362459,-0.08417617829556022,2.9346348615971376,-0.09255875753001712
2020-04-08,0.033489371191284686,-0.03390149827216874,2.9346348615971376,3.8870052870887775
2020-04-09,0.014383470303699339,0.031762492662577586,2.9346348615971376,0.7384101142247652
2020-04-13,-0.01015605944467711,-0.07443751298438658,2.9346348615971376,2.3508779775871105
2020-04-20,-0.018042845615347775,-0.018036302033797233,2.9346348615971376,-1.2214639615827356
2020-04-22,0.02267130058213675,0.13879275847971348,2.9346348615971376,0.266168517335019
2020-04-27,0.014606868181735996,-0.014395605358408076,2.9346348615971376,0.2803201103436421
2020-04-28,-0.005256170190483643,-0.14122508851070348,2.9346348615971376,-0.10635400461092641
2020-04-30,-0.009255143319054839,0.008375722812708732,2.9346348615971376,-3.263217220375735
2020-05-06,-0.007003880399042588,-0.033354579366393695,2.9346348615971376,1.3375059943243817
2020-05-07,0.011438955754890805,-0.06786163174739818,2.9346348615971376,0.8822370335769266
2020-05-08,0.016730795065226244,0.015060031421976575,2.9346348615971376,1.5500667237462062
2020-05-11,0.0001330693667907644,-0.08180270677123987,2.9346348615971376,-4.8352726287871945
2020-05-12,-0.020713365772047604,-0.11659103167062464,2.9346348615971376,-0.8015828595262542
2020-05-19,-0.010539747711599283,-0.02232654663523837,2.9346348615971376,0.0
2020-05-27,0.014718447490314346,-0.04750419313706584,2.9346348615971376,1.7845633752043257
2020-05-28,-0.0021101393249195488,-0.005340928427787514,2.9346348615971376,2.8523670607099745
2020-05-29,0.004800793552307952,-0.014021419077315366,2.9346348615971376,1.5641692792629636
2020-06-02,0.008177307282398658,-0.03850742841489395,2.9346348615971376,1.1165307494300363
2020-06-03,0.01355667081256392,0.025835642793460543,2.9346348615971376,0.0
2020-06-10,-0.005327255735182077,0.05127286330163285,2.9346348615971376,1.6146607835489157
2020-06-12,0.012976286605211731,0.0,2.9346348615971376,3.2721488822288856
2020-06-15,0.00827786081817526,0.39170876180778363,2.9346348615971376,0.0
2020-06-18,0.0005940434038017573,-0.02144942994569364,2.9346348615971376,2.1556502140955383
2020-06-22,0.006474093296658384,-0.01596186863598208,2.9346348615971376,3.8588131676729858
2020-06-24,-0.0261952655956623,-0.10024827566350966,2.9346348615971376,-0.29473089190323787
2020-06-29,0.01457888811353358,-0.04905612361179041,2.9346348615971376,1.2526255272474602
2020-06-30,0.015292349435755562,0.07501643794001076,2.9346348615971376,-1.0316779683447395
2020-07-01,0.005009563975870565,-0.08876667086055672,2.9346348615971376,-1.2936661940145298
2020-07-02,0.0045309704768169146,-0.04340820877712465,2.9346348615971376,0.22945262428155255
2020-07-10,0.010411809774443004,-0.046956996174339266,2.039402464746525,4.5749689683447405
2020-07-13,-0.009406645216058874,0.04116382697373443,2.039402464746525,1.4347593919742443
2020-07-15,0.009041056936355048,0.16513543438034217,2.039402464746525,2.5448429829479937
2020-07-16,-0.0034119152141152374,-0.08658778740950648,2.039402464746525,4.194639258336739
2020-07-17,0.0028445625875835605,-0.0614718713555444,2.039402464746525,0.0
2020-07-29,0.012351783351742583,-0.04350232710665229,2.039402464746525,1.7561034557904167
2020-08-05,0.006409160435517922,-0.007386098357863181,2.039402464746525,0.4415322788157133
2020-08-07,0.0006328292699566697,-0.03294417530814062,2.039402464746525,2.5596631933772924
2020-08-10,0.0027384652733919213,-0.014899493732265028,2.039402464746525,1.4615305682814066
2020-08-12,0.013899502293613534,-0.003608480544858315,2.039402464746525,0.22346584035877468
2020-08-25,0.003589899745540117,-0.007954014401352787,2.039402464746525,4.666514583662236
2020-08-26,0.010144001344841499,-0.007570736211465015,2.039402464746525,1.2942652465219087
2020-08-27,0.0016716460318091384,-0.01531562103515096,2.039402464746525,3.2988064651451783
2020-09-03,-0.0357575941421853,-0.011041383993239473,2.039402464746525,4.54267192527772
2020-09-04,-0.008166280754275102,0.01708141174784904,2.039402464746525,1.492636926839574
2020-09-09,0.019944760662180386,-0.08863602730356801,2.039402464746525,2.0843479714103297
2020-09-16,-0.0046296468921518345,-0.03869983814901202,2.039402464746525,1.8753131858311058
2020-09-30,0.00821984256837961,-0.007228436564641337,2.039402464746525,2.5797053620878256
2020-10-12,0.01628253015832422,-0.0624973228528466,0.28332164156260675,2.559621703993839
2020-10-20,0.0047161953200011274,0.016182793055790224,0.28332164156260675,0.16962573737035616
2020-10-21,-0.0021981140115702774,0.06257564880520325,0.28332164156260675,4.823221148567296
2020-10-28,-0.03592554210857772,0.1640060259756381,0.28332164156260675,3.8263734018708235
2020-10-29,0.01187652493999744,0.027049192726482263,0.28332164156260675,-1.1915548882894318
2020-10-30,-0.012203713445259962,0.1887973109367799,0.28332164156260675,2.3290596648584185
2020-11-03,0.01764273768407783,0.011374287465003755,0.28332164156260675,1.94293280848181
2020-11-18,-0.011631210647481315,-0.02854198586938602,0.28332164156260675,-1.0075920884471057
2020-11-20,-0.006815737372918576,0.04855953279402306,0.28332164156260675,2.199678999785763
2020-11-27,0.0023941110259011363,-0.046057823092566376,0.28332164156260675,4.122871526334828
2020-12-01,0.011208140661592923,-0.01948267116338398,0.28332164156260675,1.9890340850635524
2020-12-03,-0.0006243520802942291,0.009675971098775943,0.28332164156260675,2.218112123085025
2020-12-07,-0.001937513438963252,0.005182607989974634,0.28332164156260675,3.8865187541761723
2020-12-08,0.002783271170170473,-0.023295550833789355,0.28332164156260675,5.7169451106239
2020-12-10,-0.0012859345277717227,-0.029539972499347485,0.28332164156260675,2.9917035900645006
2020-12-14,-0.0043687882451469585,0.011163321774025342,0.28332164156260675,4.9613218602518545
2020-12-15,0.012838482022218645,0.0344786065380977,0.28332164156260675,2.2801586149039705
2020-12-16,0.0017712256203230642,0.05873017467599699,0.28332164156260675,-3.0230921132941453
2020-12-30,0.0013406480950792154,0.007864952436142986,0.28332164156260675,4.137563838593907
2021-01-04,-0.014864762712025787,-0.013522538154814088,0.5517276211647676,0.7429484949093186
2021-01-11,-0.006576327616621317,-0.11395108697919597,0.5517276211647676,2.672303938447661
2021-01-15,-0.007216000798278504,-0.04919748607819792,0.5517276211647676,3.9344419289524883
2021-01-19,0.008103457635761657,0.045762535348432325,0.5517276211647676,2.996393672838537
2021-01-25,0.0036093175130174657,-0.012121371311005352,0.5517276211647676,2.46005758329012
2021-01-26,-0.001489943161153501,0.027297561659488975,0.5517276211647676,1.5729856380353096
2021-01-28,0.009713298778760395,-0.007357751117878455,0.5517276211647676,1.2477471567223577
2021-02-01,0.015924300234678626,-0.20840455266105468,0.5517276211647676,1.5568598028122569
2021-02-02,0.013802528814310624,0.0910581614516798,0.5517276211647676,2.594977934510844
2021-02-03,0.0010082606153447803,-0.09006558280233154,0.5517276211647676,2.475384019678755
2021-02-05,0.003889919607763825,-0.10945511880997491,0.5517276211647676,0.25993019270997947
2021-02-09,-0.0011141454217211749,-0.0422201349721882,0.5517276211647676,-0.8198849471246181
2021-02-10,-0.0003452445223915674,0.01757342429621931,0.5517276211647676,2.0823270525044086
2021-02-11,0.0016610748145877074,0.018195015567699823,0.5517276211647676,0.0
2021-02-16,-0.0005694345154154666,-0.03423089878779304,0.5517276211647676,0.6107503597559796
2021-02-17,-0.0003204533489169501,-0.06212578232655379,0.5517276211647676,2.2080896583917617
2021-02-18,-0.004425614227243303,0.071959581496641,0.5517276211647676,-1.60917388012881
2021-02-19,-0.0018566190956649255,0.0018622405931039336,0.5517276211647676,4.224490792364059
2021-02-22,-0.007762892893710863,0.045017820660557956,0.5517276211647676,5.588855806517925
2021-02-23,0.0012555296115265332,-0.019758188501749405,0.5517276211647676,2.6101148680539845
2021-02-24,0.011287667670985945,0.06155796013459353,0.5517276211647676,4.126420957122677
2021-02-25,-0.02478339442417185,-0.014605076730017926,0.5517276211647676,4.1330980082428415
2021-03-01,0.02351217322569352,0.30291224032747205,0.5517276211647676,3.216809730708892
2021-03-02,-0.008113678739508762,-0.03307826645371282,0.5517276211647676,1.5393614112144807
2021-03-05,0.019308356338709188,0.10132748472935964,0.5517276211647676,2.9109745186256735
2021-03-08,-0.005373643224025429,0.06881786450640696,0.5517276211647676,2.0545208180447188
2021-03-10,0.006012203770988197,0.03231877048384371,0.5517276211647676,1.0038554285563739
2021-03-12,0.0010148833275308508,-0.06312467536579736,0.5517276211647676,4.2123829284599
2021-03-15,0.006470939539413048,-0.029235256314019607,0.5517276211647676,1.9658990459244305
2021-03-23,-0.007660118119334028,-0.02962827350928425,0.5517276211647676,1.2285378476551874
2021-03-24,-0.00548233660034883,-0.10403556651887166,0.5517276211647676,1.825541729440728
2021-03-25,0.005226583432729291,0.07251773219808452,0.5517276211647676,0.9856397294270197
2021-03-30,-0.0031628294096500294,-0.049143524183932044,0.5517276211647676,3.0312277433858705
2021-04-01,0.011755830427674127,-0.056024520432852415,0.5517276211647676,-1.5324918740307554
2021-04-06,-0.0009740049407969285,-0.11283394708079998,0.863595540342399,1.204662263989051
2021-04-12,-0.0001960980747395339,-0.01231320633011249,0.863595540342399,2.213063359981156
2021-04-19,-0.005320689893757947,-0.025031109191174968,0.863595540342399,2.6503858374472435
2021-04-22,-0.009253337860554323,0.07732509649126852,0.863595540342399,0.0
2021-04-26,0.001780684564582624,0.06685721042401424,0.863595540342399,2.4285709427636175
2021-04-28,-0.0008458975873960478,0.017729916653121687,0.863595540342399,5.639613489009684
2021-04-29,0.0067400415367024095,-0.004545458184549777,0.863595540342399,1.8914246648817643
2021-04-30,-0.0072207134171198275,-0.016073754681327553,0.863595540342399,3.2114861269378236
2021-05-03,0.002744321649512167,0.018917154055148863,0.863595540342399,0.9276153680546678
2021-05-07,0.007346291419186351,-0.01708557900866238,0.863595540342399,0.0
2021-05-11,-0.008711750141781542,-0.09699723575450886,0.863595540342399,1.1054789388839623
2021-05-12,-0.021682782358302413,0.1637763372852811,0.863595540342399,4.3754671177685305
2021-05-26,0.0018750575506104544,-0.09085362557830234,0.863595540342399,2.6950515601369194
2021-05-27,0.001164636089862995,0.023631633364472472,0.863595540342399,2.1301080105057837
2021-06-02,0.0014458890369002922,0.0011940573217919478,0.863595540342399,5.896799407263676
2021-06-07,-0.0007970562694215079,0.0315342213447932,0.863595540342399,4.118126029142746
2021-06-08,0.00017500954944121158,-0.09409145671364344,0.863595540342399,-1.39287925933521
2021-06-16,-0.005404703747026491,0.04620046290537244,0.863595540342399,-2.713534293385205
2021-06-17,-0.00043581054367264766,0.0377177945243885,0.863595540342399,3.2167028839873524
2021-06-18,-0.013211355687284158,0.06428138965238321,0.863595540342399,3.011131166741801
2021-06-22,0.005111406378990611,0.15374822120687637,0.863595540342399,3.574329405009902
2021-06-25,0.003325063164687565,-0.020619296743295247,0.863595540342399,2.571462220502205
2021-06-28,0.0023122888604717494,-0.021679351888891696,0.863595540342399,2.408217248239228
2021-06-29,0.0002772977426878152,-0.022159841862596074,0.863595540342399,0.36697716275341136
2021-06-30,0.0013272784229071918,0.008922961867715495,0.863595540342399,-2.902643527890013
2021-07-02,0.007472095894691671,-0.01193110114138291,0.863595540342399,5.174417341326153
2021-07-06,-0.0020239027700217787,-0.02235803048305722,0.22579062058012705,2.829726019655735
2021-07-07,0.0033533465536629346,-0.026842846202429663,0.22579062058012705,2.3113664323406082
2021-07-09,0.011214825902413766,-0.01470613277992456,0.22579062058012705,-1.4734999375159092
2021-07-13,-0.0035230111811655838,-0.16066304867479828,0.22579062058012705,3.416372867915428
2021-07-15,-0.0032675735627459117,0.05708974142698163,0.22579062058012705,2.2459811748137772
2021-07-16,-0.007567415006813217,-0.04724351742387486,0.22579062058012705,3.2294184201367955
2021-07-19,-0.015996781399983978,0.040797517553130096,0.22579062058012705,0.7679299897790086
2021-07-22,0.0020146392092429753,-0.13137501237725321,0.22579062058012705,0.4396984376769962
2021-07-27,-0.004723583382178003,-0.028090110185145265,0.22579062058012705,1.421777451844284
2021-08-03,0.008169961338918062,0.030052289414132554,0.22579062058012705,3.1287379368979096
2021-08-04,-0.004643150661295458,0.06474405761339283,0.22579062058012705,2.6438230469476216
2021-08-09,-0.0009403502649549345,-0.03915385947247127,0.22579062058012705,0.2295058463131027
2021-08-13,0.0016060163209228441,-0.03762584731032467,0.22579062058012705,3.5240091240011266
2021-08-18,-0.01080665284525433,0.04245179814165022,0.22579062058012705,1.0376681693433063
2021-08-19,0.001255903256156918,0.10529841841281065,0.22579062058012705,1.4173360506937482
2021-08-20,0.00810860389074176,0.18594423869998947,0.22579062058012705,0.3481576641169219
2021-08-25,0.00221765740325088,-0.07901054721458206,0.22579062058012705,1.152842390707301
2021-08-26,-0.0058419498276026565,0.004073307755883778,0.22579062058012705,0.7828789316179756
2021-08-27,0.008769071540452218,-0.025287933507119265,0.22579062058012705,-4.810481656112361
2021-08-31,-0.0013500269158932096,-0.13931092173088985,0.22579062058012705,3.7268303763903465
2021-09-01,0.00031164006095334113,-0.012277554840046993,0.22579062058012705,-1.969867739724405
2021-09-07,-0.0034013524523203464,0.018450660728144403,0.22579062058012705,1.6934688129513626
2021-09-09,-0.004616247150002522,0.10022851523673704,0.22579062058012705,3.5674503579049928
2021-09-10,-0.0077525522862761,-0.009972399142124295,0.22579062058012705,1.5790059646721375
2021-09-14,-0.005763213966258604,0.10828185353128676,0.22579062058012705,1.780650560518841
2021-09-16,-0.0015523447127638308,0.004635508965875068,0.22579062058012705,3.3861840118798
2021-09-17,-0.0091526302757993,-0.06803892417555253,0.22579062058012705,0.7078419007878162
2021-09-20,-0.017123077726381844,0.027666544506303185,0.22579062058012705,5.171419983191501
2021-10-04,-0.013070952048643704,0.025384292431966944,0.2881843716642771,3.1707851316237354
2021-10-06,0.004094399349624824,0.08448047301532594,0.2881843716642771,1.6742851279301993
2021-10-08,-0.0019155566024214522,-0.014184599173202148,0.2881843716642771,3.1992406823365047
2021-10-12,-0.0024197056865549256,-0.04020381848217929,0.2881843716642771,4.255859564160284
2021-10-14,0.016919162285711567,-0.007528247203173337,0.2881843716642771,1.6088208274198705
2021-10-15,0.007432520637190081,-0.06289424983755569,0.2881843716642771,-2.676095208729204
2021-10-18,0.0033690878018038262,-0.10036578773839297,0.2881843716642771,0.7392148331809824
2021-10-19,0.007366142784235753,-0.03377892776825488,0.2881843716642771,3.465037995824376
2021-10-21,0.002991393168360022,-0.03811768368319456,0.2881843716642771,3.860659588772015
2021-10-26,0.0018181414322441137,0.027597025259155847,0.2881843716642771,5.019244900605815
2021-10-28,0.009781288424184026,0.04741437645208414,0.2881843716642771,1.4979109162746538
2021-10-29,0.0019474372317175562,0.060698242232118525,0.2881843716642771,2.105820034919033
2021-11-02,0.003673607120388547,-0.016468835176247053,0.2881843716642771,0.0
2021-11-04,0.004173222342817036,-0.02342888634704037,0.2881843716642771,6.180298289655743
2021-11-08,0.0008873940607025194,0.022266748335608214,0.2881843716642771,4.4701477362754565
2021-11-09,-0.0035049109264001276,0.06518597928502101,0.2881843716642771,3.1983578239050225
2021-11-10,-0.008259842163861058,0.043923962420296184,0.2881843716642771,6.626452413364895
2021-11-11,0.0005507883329889288,0.03200280958004064,0.2881843716642771,5.547387014390671
2021-11-15,-1.0739878017001878e-05,-0.05882430548036191,0.2881843716642771,3.1342557159527087
2021-11-16,0.0038577790571266367,-0.08075070771974943,0.2881843716642771,2.6213832085808098
2021-11-18,0.0033790647401719144,-0.007303680041878168,0.2881843716642771,3.043907675245517
2021-11-19,-0.001399644604988097,0.044212680926723626,0.2881843716642771,0.9987267281477178
2021-11-26,-0.022987011159321162,0.010895002121107753,0.2881843716642771,2.3443001899075924
2021-11-29,0.013113836082824229,-0.042155833879070174,0.2881843716642771,1.079504981533743
2021-11-30,-0.019143381187850562,0.4320200741721716,0.2881843716642771,1.4056353036094091
2021-12-02,0.014094638396057768,0.16909574670959093,0.2881843716642771,5.5044562179630825
2021-12-03,-0.00848445514173865,0.13500144799177308,0.2881843716642771,-3.7374752392217836
2021-12-06,0.011662599309686139,-0.10743349938015533,0.2881843716642771,-1.2974427470349563
2021-12-07,0.020495603186252546,0.09286775371604661,0.2881843716642771,-1.3936305151655812
2021-12-08,0.003080535586585806,-0.12080356066278455,0.2881843716642771,2.2442309948930816
2021-12-09,-0.007206988232523656,-0.21645153629884628,0.2881843716642771,1.7784306319508838
2021-12-10,0.009503769118209724,-0.09531017109099146,0.2881843716642771,3.049966788163364
2021-12-14,-0.0074987228546236715,-0.14377830625260554,0.2881843716642771,3.6852294221459054
2021-12-15,0.016216267351890877,0.08312469925500683,0.2881843716642771,1.3330170313284473
2021-12-16,-0.008781863311112446,0.07491653435511575,0.2881843716642771,2.83402387711011
2021-12-17,-0.01034096458405368,-0.12644300927322719,0.2881843716642771,3.0138310547508147
2021-12-20,-0.01145339832325659,0.06424681445002371,0.2881843716642771,1.5449153267977942
2021-12-21,0.017621755385195486,0.0474697574240046,0.2881843716642771,3.749095998682119
2021-12-22,0.010128728029127596,0.05852259847760256,0.2881843716642771,2.2352673314384908
2021-12-23,0.006204412685251626,-0.08482751897965242,0.2881843716642771,1.2626040423045517
2021-12-28,-0.0010106653988873737,-0.03662612766793574,0.2881843716642771,3.4209868115478
2021-12-29,0.0014009134018576786,-0.015712937427571433,0.2881843716642771,2.736416767025813
2021-12-31,-0.0026296343734744394,-0.03421616030294203,0.2881843716642771,3.1715977230561654
2022-01-03,0.006353824170388397,0.022171220487458933,0.15231310073656512,4.23602799219029
2022-01-04,-0.0006298202522032699,-0.006367640200394624,0.15231310073656512,2.8647545931976195
2022-01-07,-0.004058441082336512,0.1542351429461621,0.15231310073656512,3.3760077445858636
2022-01-10,-0.0014420705375388979,-0.006100625500360711,0.15231310073656512,2.481241701304266
2022-01-11,0.009118286452399373,-0.04431271555415753,0.15231310073656512,5.1658366617520235
2022-01-12,0.0028137920146670695,0.03354609062729154,0.15231310073656512,4.560864028341703
2022-01-13,-0.014346029234400533,-0.05237905944922345,0.15231310073656512,1.5413586887381379
2022-01-14,0.0008196442695905652,-0.04385931881904721,0.15231310073656512,-1.34794755991376
2022-01-18,-0.0185591053980085,0.1420786811593658,0.15231310073656512,-6.945645607209471
2022-01-19,-0.009736790941460195,-0.056724011447385425,0.15231310073656512,5.40164417755341
2022-01-20,-0.011098742304330734,0.17193254558031584,0.15231310073656512,6.14251758684719
2022-01-21,-0.019095995324635427,0.04546234989896832,0.15231310073656512,4.289073473538328
2022-01-24,0.0027679047582695165,0.07041742280560326,0.15231310073656512,2.3973712031343375
2022-01-25,-0.012246590556866267,0.11990835004213829,0.15231310073656512,-0.09147166389412054
2022-01-26,-0.0014977569258856588,0.035748461461826586,0.15231310073656512,3.880147030556743
2022-01-27,-0.005398635199970923,0.04127674846717597,0.15231310073656512,3.2163305486400064
2022-01-28,0.024055967914736694,0.0253498761464045,0.15231310073656512,3.8423998849073904
2022-01-31,0.018709826222984446,-0.047086338758656796,0.15231310073656512,-3.4259033513114012
2022-02-01,0.006839560348317067,-0.09741143277332177,0.15231310073656512,2.6525465387576714
2022-02-02,0.009378400448324454,-0.10793472427263455,0.15231310073656512,4.41159370204856
2022-02-03,-0.024693471720120656,-0.12283002149677485,0.15231310073656512,0.11251140638435835
2022-02-04,0.005143678439863626,0.005902449388932326,0.15231310073656512,2.6501818648149933
2022-02-07,-0.003708580927828488,0.09740684085512573,0.15231310073656512,2.1791168176671705
2022-02-08,0.00836611346663433,-0.04751791849625819,0.15231310073656512,1.01409926652158
2022-02-09,0.014412842079264784,-0.015625261632240678,0.15231310073656512,1.9246140384519101
2022-02-14,-0.0038479907556283146,0.18056655007325953,0.15231310073656512,1.756110243997971
2022-02-15,0.015643717646064172,0.1347853399740477,0.15231310073656512,3.3561657152400564
2022-02-17,-0.021400504136936647,-0.09743028956184711,0.15231310073656512,-0.8691182694100174
2022-02-24,0.014846105252724002,0.037486690366762734,0.15231310073656512,3.9029561189977096
2022-02-28,-0.0024455914631261143,-0.022824621796435525,0.15231310073656512,5.418680423177968
2022-03-03,-0.005268520744245652,0.09997289761890603,0.15231310073656512,0.5570051219029171
2022-03-04,-0.007965684543001903,-0.08059307747498817,0.15231310073656512,-0.3904498068094172
2022-03-07,-0.029962586814416495,-0.008494014864764431,0.15231310073656512,1.0055486148383126
2022-03-09,0.025373598122141117,0.13083078629404346,0.15231310073656512,3.9735613976365487
2022-03-11,-0.013046278933238144,-0.07935503002105185,0.15231310073656512,-1.4145132272245349
2022-03-15,0.021182629724144964,0.017055200603855316,0.15231310073656512,-3.658672075409048
2022-03-16,0.022136921648393443,0.03263246843757496,0.15231310073656512,2.677626890955198
2022-03-17,0.012272205068700267,-0.06300786672106938,0.15231310073656512,-5.24982307291063
2022-03-18,0.011594814411888112,-0.11197525491444416,0.15231310073656512,-3.275031924244845
2022-03-21,-0.0004347548543014596,-0.03821634319943387,0.15231310073656512,2.464146847713298
2022-03-22,0.011240699554074212,-0.07270052234591615,0.15231310073656512,0.0
2022-03-24,0.014242012281618024,-0.02539409693912241,0.15231310073656512,0.9009419139995366
2022-03-28,0.007119551020042568,-0.08404588493141855,0.15231310073656512,-0.39090277283260577
2022-03-30,-0.006313588999088777,-0.058374649206258046,0.15231310073656512,5.130229822081645
2022-03-31,-0.015776335226881762,-0.03789706365376279,0.15231310073656512,3.620820894120864
2022-04-01,0.0034044209614630277,0.022496387391307392,0.15231310073656512,4.169881202863888
2022-04-04,0.008058382532133647,0.06168912533807853,-0.32770163840930405,1.4217647406000926
2022-04-05,-0.01263115907400537,-0.04628844907562309,-0.32770163840930405,4.145739260707763
2022-04-08,-0.0026545466755523947,0.0496276034194116,-0.32770163840930405,1.4292747378881325
2022-04-12,-0.0034233005304522353,-0.018263181367582593,-0.32770163840930405,2.0345044769880753
2022-04-14,-0.012218480383508163,-0.004523989123826763,-0.32770163840930405,2.9095963441194
2022-04-18,-0.0002048892724065068,-0.10600194653157283,-0.32770163840930405,0.5786390924414934
2022-04-20,-0.0006186664061825758,-0.023624931027489242,-0.32770163840930405,4.277379889626304
2022-04-22,-0.028132076377366966,-0.050382500910835126,-0.32770163840930405,-0.8927835763865777
2022-04-25,0.0056817651441118085,0.10987788462348555,-0.32770163840930405,4.135430917874145
2022-04-26,-0.028550008928597752,0.21819300024463079,-0.32770163840930405,2.710354985230755
2022-04-28,0.024445655340832175,0.21556493979660302,-0.32770163840930405,1.4145439684982015
2022-04-29,-0.03695915978469415,-0.0589851566056232,-0.32770163840930405,2.2836442831409998
2022-05-02,0.005659199293818601,-0.052293147535713964,-0.32770163840930405,2.886789122823859
2022-05-03,0.004825465075359521,0.10769196053867162,-0.32770163840930405,0.9522162281987617
2022-05-04,0.029425221557325833,-0.03225108680044981,-0.32770163840930405,-1.4301625873946753
2022-05-05,-0.03630067756409906,-0.1004252851893356,-0.32770163840930405,1.3234134923725187
2022-05-06,-0.00569038441395277,-0.14034330491522218,-0.32770163840930405,2.16374199342863
2022-05-10,0.002454881760409255,-0.032907357859992,-0.32770163840930405,3.1052918103882745
2022-05-11,-0.016600232095697796,0.14066881060216926,-0.32770163840930405,1.673714392294777
2022-05-12,-0.0012968049941124407,-0.05197503589226457,-0.32770163840930405,2.1953515751455734
2022-05-18,-0.041233809291248875,-0.04970854763325103,-0.32770163840930405,3.6888959855172434
2022-05-19,-0.005850864777347809,-0.051159146166640086,-0.32770163840930405,0.09319920699156103
2022-05-20,0.0001461310919903067,0.17076069020588336,-0.32770163840930405,0.1509540792539928
2022-05-23,0.018384995412060758,-0.05340345987885895,-0.32770163840930405,1.5731538942764507
2022-05-24,-0.008153950903558081,0.0027220133435583802,-0.32770163840930405,4.6010994911829926
2022-05-25,0.009406385648931585,-0.032812502144316524,-0.32770163840930405,-1.309846645335143
2022-05-26,0.019688166007720866,0.0334918655332464,-0.32770163840930405,1.030084378383417
2022-06-01,-0.007510905041155451,-0.06691713200005558,-0.32770163840930405,3.6631334475683492
2022-06-03,-0.016482405609817057,-0.019275847000948997,-0.32770163840930405,2.3399866577296864
2022-06-06,0.003132489407036025,-0.038489227097765165,-0.32770163840930405,2.86703120741465
2022-06-09,-0.02408645766515553,-0.04278506428781263,-0.32770163840930405,3.159605698666795
2022-06-10,-0.029542414811409477,-0.0025011006728514825,-0.32770163840930405,4.428373400961471
2022-06-13,-0.03953993199003993,0.08516636996056637,-0.32770163840930405,1.078639200475289
2022-06-14,-0.003780818039489633,0.061683735195286235,-0.32770163840930405,0.5930124925290654
2022-06-15,0.014487058836534478,0.20371276023099444,-0.32770163840930405,4.029442134063104
2022-06-17,0.0021984473410133873,-0.09861934155361644,-0.32770163840930405,4.922632718063262
2022-06-22,-0.0013024200953574458,-0.056819326608450633,-0.32770163840930405,1.7366513830766968
2022-06-23,0.00948707248555652,-0.030661196085893273,-0.32770163840930405,0.0
2022-06-24,0.030105539729901033,-0.04194053103593365,-0.32770163840930405,-5.3989251378989485
2022-06-27,-0.0029774998903406716,0.0034482266622454993,-0.32770163840930405,0.7592250098086148
2022-07-01,0.010498511296639174,-0.007077197314253267,-0.32770163840930405,-4.7384328040220405
2022-07-08,-0.00083061639612735,-0.029853013518694623,-0.7779964718111572,0.8849500018517363
2022-07-14,-0.003003138812764307,0.04190664881096002,-0.7779964718111572,1.0112567288167162
2022-07-21,0.00981306668950467,-0.03213124802708314,-0.7779964718111572,6.376352806371413
2022-07-22,-0.009376287293813849,-0.025631864170057687,-0.7779964718111572,-4.312205406719028
2022-07-25,0.001314302973305868,-0.032775802683622235,-0.7779964718111572,-4.086486430582492
2022-07-26,-0.011610342599263359,-0.003467707049144895,-0.7779964718111572,-3.49036104074374
2022-07-27,0.025820048778629066,0.014227440440233092,-0.7779964718111572,3.293747627286164
2022-07-28,0.012060319791912806,0.05537314089952161,-0.7779964718111572,4.490216248602544
2022-07-29,0.014107775781753557,-0.06052340285251661,-0.7779964718111572,0.3631441189681359
2022-08-01,-0.002827076544916728,-0.03994385969968467,-0.7779964718111572,-1.2812660788093873
2022-08-05,-0.0016270690189191196,-0.08636574039389384,-0.7779964718111572,1.3952400883575877
2022-08-12,0.017174046951492668,-0.09788587386321505,-0.7779964718111572,3.208182657141064
2022-08-15,0.003961684056233163,0.02303561976592722,-0.7779964718111572,-5.40583369033881
2022-08-23,-0.002240370434437464,0.05180445701037145,-0.7779964718111572,3.2612182666408738
2022-08-25,0.013993241836107048,0.0129411688872171,-0.7779964718111572,1.1101256961199493
2022-08-26,-0.03426857631703952,-0.05498938644760836,-0.7779964718111572,1.6184293518894162
2022-08-29,-0.0066886751973248065,-0.04664518202952005,-0.7779964718111572,3.321214715652978
2022-08-30,-0.011089416492117008,0.1600364595838233,-0.7779964718111572,0.30179272929972417
2022-08-31,-0.007847738208153028,0.02511237378979406,-0.7779964718111572,-5.039168697613046
2022-09-06,-0.004103464690895143,-0.012055420023286018,-0.7779964718111572,-1.8585523025128958
2022-09-08,0.006588966880442448,0.05499669703613608,-0.7779964718111572,-4.256362645633666
2022-09-09,0.01515601498121106,-0.08812684517395283,-0.7779964718111572,1.4271892311516117
2022-09-13,-0.04419916303197406,-0.035348493518901965,-0.7779964718111572,0.460697193270165
2022-09-15,-0.011382272168149512,0.13316473813460536,-0.7779964718111572,2.895457911650392
2022-09-16,-0.007208049775663175,-0.04155569288771608,-0.7779964718111572,6.200764279965707
2022-09-20,-0.011336114736600402,0.0011412890518258574,-0.7779964718111572,5.652788567693191
2022-09-21,-0.01726467409850635,-0.02074600005329651,-0.7779964718111572,2.0041657578710255
2022-09-23,-0.017382828767330778,0.030101998277705832,-0.7779964718111572,3.9428151209502285
2022-09-26,-0.010394360890280502,-0.023130752534395428,-0.7779964718111572,-0.7702378988547443
2022-09-29,-0.0213527948230975,0.010484220898846989,-0.7779964718111572,1.67672425561695
2022-09-30,-0.0151813515462093,-0.07713277811500176,-0.7779964718111572,0.0
2022-10-03,0.02555457753093017,0.053543902316957874,-0.9613041368667467,4.866872181089287
2022-10-04,0.030125341416799834,-0.006933507445969212,-0.9613041368667467,-1.3841680018804479
2022-10-05,-0.0020199875589381176,-0.04926467389430347,-0.9613041368667467,1.8875784021008428
2022-10-07,-0.028403196531478058,-0.018049794693725838,-0.9613041368667467,2.0199368139179628
2022-10-10,-0.007520673133652772,0.06672531203596996,-0.9613041368667467,3.2211852998902124
2022-10-14,-0.023947120744528417,-0.0017857556117495637,-0.9613041368667467,0.5855962992949459
2022-10-18,0.011362768207087462,0.0025015623572302516,-0.9613041368667467,4.00489400293584
2022-10-20,-0.007982686738766696,-0.028125365341958763,-0.9613041368667467,0.6478010079536963
2022-10-24,0.011811940205111494,-0.025684674672851925,-0.9613041368667467,1.4128951102149416
2022-10-25,0.01613577001587496,-0.009720170642020446,-0.9613041368667467,1.0996815045057005
2022-10-26,-0.007415140398989885,0.005374545854703685,-0.9613041368667467,-2.865520562303093
2022-10-27,-0.006101185053184453,-0.04768529212537634,-0.9613041368667467,-3.9596426966891745
2022-11-01,-0.0041096637203590055,-0.06174333388150417,-0.9613041368667467,0.0
2022-11-02,-0.025319843737482882,0.00503581009507937,-0.9613041368667467,2.5773064878693184
2022-11-03,-0.010642422531956597,-0.0027084441661897746,-0.9613041368667467,-5.722447817330651
2022-11-04,0.013526823285563951,0.0019354039072249207,-0.9613041368667467,0.4251153590427298
2022-11-08,0.005582282828760321,-0.03009254241419883,-0.9613041368667467,-0.7501828907917045
2022-11-09,-0.020996784712303443,-0.008179957968859137,-0.9613041368667467,1.855153050328043
2022-11-11,0.009198312304769028,0.0213062185459617,-0.9613041368667467,3.52386850673488
2022-11-14,-0.008975940544918012,-0.10327587307618198,-0.9613041368667467,-2.2227314632352333
2022-11-18,0.00474729564815821,-0.017677759081951346,-0.9613041368667467,3.5240934715429226
2022-11-25,-0.0002830842622024787,-0.04903615367539896,-0.9613041368667467,1.4408331375772496
2022-11-29,-0.0015931337016243704,0.00734395551031755,-0.9613041368667467,2.7307226325339604
2022-12-07,-0.001864107253381664,0.08495437647046357,-0.9613041368667467,3.125724809911046
2022-12-12,0.01417830729965003,-0.017345303844040455,-0.9613041368667467,1.7504314272133907
2022-12-13,0.007263223255457212,0.023937268728642467,-0.9613041368667467,2.415592538758277
2022-12-14,-0.006071116623835963,0.09080036766832521,-0.9613041368667467,3.5083908410596054
2022-12-16,-0.011200239946011676,-0.06456808054524135,-0.9613041368667467,3.194557986232624
2022-12-19,-0.0090483289411038,0.07690850562966531,-0.9613041368667467,1.2117024649700148
2022-12-20,0.001036800697890769,-0.009240949410513871,-0.9613041368667467,6.694222647306341
2022-12-23,0.005850952271915072,-0.06789610072682875,-0.9613041368667467,1.140108756331508
2022-12-27,-0.004057844034659477,0.09045170754006297,-0.9613041368667467,-0.20004293356547054
2022-12-28,-0.012093470442948605,-0.05136509384120232,-0.9613041368667467,2.9848316570526725
2022-12-29,0.01731063431499432,0.036692675527112,-0.9613041368667467,1.8787447831189859
2022-12-30,-0.002543975646110833,0.022380462884019337,-0.9613041368667467,1.4129255433258967
2023-01-03,-0.004008572481273608,-0.032127538600664425,-0.9682316129827856,4.305761540374695
2023-01-04,0.007510694562138916,0.010670457956980314,-0.9682316129827856,3.1399384017856335
2023-01-05,-0.011713869136457158,0.05520807483314222,-0.9682316129827856,-0.056688394095274465
2023-01-06,0.02258383558903089,-0.03963998796476396,-0.9682316129827856,-1.3136766502385724
2023-01-11,0.012767571192293676,0.03898406323239964,-0.9682316129827856,1.7700003971125362
2023-01-13,0.003988892144656051,0.024479275027050922,-0.9682316129827856,-2.646441137748115
2023-01-17,-0.002032555430996314,-0.11334766310842777,-0.9682316129827856,1.393071392232963
2023-01-18,-0.01568496697774467,-0.0258217433282179,-0.9682316129827856,0.0
2023-01-19,-0.007667671901812428,0.05357951808573416,-0.9682316129827856,-1.9859796427073646
2023-01-20,0.01874167355235196,0.049380284747422606,-0.9682316129827856,1.9402430909455821
2023-01-23,0.011811315951328555,0.008810644488462888,-0.9682316129827856,-1.0870141070986563
2023-01-24,-0.0007117563642918193,-0.03319601625992202,-0.9682316129827856,-0.45499923857506674
2023-01-25,-0.00018174157346566321,-0.002017192599349769,-0.9682316129827856,2.332836113229737
2023-01-26,0.010947708029114303,-0.031276514981302975,-0.9682316129827856,3.6871633218225037
2023-01-27,0.002491734021703855,-0.006269656748658918,-0.9682316129827856,3.3835016107681097
2023-01-30,-0.013053569315292663,-0.01851417000564116,-0.9682316129827856,1.5083397417268811
2023-01-31,0.014536304416419527,-0.011815353065151668,-0.9682316129827856,1.0270926286758157
2023-02-01,0.01039805629688473,0.07441665236620917,-0.9682316129827856,1.1424803772824943
2023-02-02,0.014592384626854379,-0.027454744911028228,-0.9682316129827856,2.471841695785683
2023-02-03,-0.010408592637285455,-0.08214967027130193,-0.9682316129827856,1.078178100098883
2023-02-06,-0.006159393193939262,0.04700311588127257,-0.9682316129827856,-0.6515859022672772
2023-02-14,-0.0002804538554937624,-0.00872936672367463,-0.9682316129827856,1.9412399646975806
2023-02-15,0.002769337533076689,-0.009297866354522386,-0.9682316129827856,3.316524323268959
2023-02-16,-0.013884689204881605,-0.07289852352107458,-0.9682316129827856,3.3074782753704204
2023-02-23,0.005315278263237728,0.13309424797811642,-0.9682316129827856,2.4768714437744395
2023-02-24,-0.010593464619774184,-0.02568785625927578,-0.9682316129827856,4.543664468342636
2023-02-27,0.0030682925395522777,-0.05297123690102279,-0.9682316129827856,2.657340980410113
2023-02-28,-0.0030406198309477117,0.024761867498774875,-0.9682316129827856,3.169674636765407
2023-03-01,-0.004736464203492832,-0.0337901362836813,-0.9682316129827856,2.1943145165803184
2023-03-03,0.01601874917648306,-0.005814010429586383,-0.9682316129827856,3.444059948044483
2023-03-06,0.0006869307788483012,-0.04930048695319493,-0.9682316129827856,2.6386772023692
2023-03-07,-0.015445590479262547,-0.057789206725168754,-0.9682316129827856,2.929177000630063
2023-03-08,0.0014137941356032722,0.006469070430775006,-0.9682316129827856,3.3314053585499224
2023-03-09,-0.018631857945482354,0.05132013629439354,-0.9682316129827856,2.9349709771148254
2023-03-10,-0.01458396943606664,-0.02480744955448138,-0.9682316129827856,3.679573456157165
2023-03-13,-0.001510901840738768,0.16818052309360135,-0.9682316129827856,3.3616821029341795
2023-03-14,0.016342388235363665,0.09245130912260863,-0.9682316129827856,0.2959882702466958
2023-03-15,-0.007005363929353597,0.06705556017148671,-0.9682316129827856,0.1306905363186206
2023-03-16,0.017409576249031722,-0.11115913142156775,-0.9682316129827856,3.4896457329719706
2023-03-17,-0.011080621273953702,0.09672663368957514,-0.9682316129827856,2.6262580338449455
2023-03-20,0.008878869635940853,-0.12840735602736533,-0.9682316129827856,1.4336514383237826
2023-03-21,0.012898647518559103,0.10401121230658243,-0.9682316129827856,2.096849398153572
2023-03-22,-0.016600248639842885,-0.054786176823226014,-0.9682316129827856,2.2062566813629294
2023-03-23,0.0029800838691824228,-0.12182849795903451,-0.9682316129827856,1.903398407771628
2023-03-24,0.005623963084303207,0.040335489785902276,-0.9682316129827856,1.7468187804957602
2023-03-28,-0.0015750832883878866,-0.03923844211971985,-0.9682316129827856,0.3052620183185999
2023-03-29,0.014136870775046802,-0.053862776851436873,-0.9682316129827856,0.8441871461268664
2023-03-31,0.014333327782036555,-0.04349616152765765,-0.9682316129827856,-0.7842960348035781
2023-04-03,0.003692022565802823,-0.005243870331479798,-1.4147316039838418,1.9925490869138986
2023-04-04,-0.005813839745162529,-0.016967516525293273,-1.4147316039838418,3.4956174820845822
2023-04-06,0.0035727731328032467,0.023969231241808685,-1.4147316039838418,3.333116237389304
2023-04-10,0.0009958070170100843,0.004201682855065479,-1.4147316039838418,-3.730385241101888
2023-04-11,-4.135333298352082e-05,-0.036290018138616674,-1.4147316039838418,2.15649128092238
2023-04-14,-0.0020715175845779886,-0.0005237092940851025,-1.4147316039838418,3.1118792047044397
2023-04-17,0.0033007035826147536,-0.06996623129446441,-1.4147316039838418,-6.536416442224571
2023-04-19,-8.426554793962826e-05,-0.007054640090812043,-1.4147316039838418,2.8897882026377735
2023-04-21,0.0009027812573008861,-0.02222986404192645,-1.4147316039838418,2.399960791731154
2023-04-25,-0.01593718381857645,-0.023572076221130268,-1.4147316039838418,2.5134568122802383
2023-04-26,-0.0038485835033448754,0.007130091551149501,-1.4147316039838418,-3.109712162711771
2023-04-27,0.019377193402696356,0.1050052610957546,-1.4147316039838418,2.434534588522383
2023-04-28,0.008219331313243467,0.004255321468759127,-1.4147316039838418,2.2302053848577224
2023-05-01,-0.0003861810485107871,-0.10100574225300608,-1.4147316039838418,2.8302353472709623
2023-05-02,-0.011653906680571788,-0.07623323649860547,-1.4147316039838418,0.817476853618137
2023-05-03,-0.007022908054892971,0.018832960510421673,-1.4147316039838418,2.251763716655947
2023-05-04,-0.007244913455062742,0.10049800969856827,-1.4147316039838418,3.328341028160265
2023-05-10,0.004473942241914432,-0.012291696538472011,-1.4147316039838418,-1.169457701702299
2023-05-11,-0.0016980648897067581,0.04209324617502903,-1.4147316039838418,1.802887764069211
2023-05-12,-0.0015845615894390477,-0.04445167934890709,-1.4147316039838418,4.894373014256793
2023-05-15,0.002953797680316935,-0.0005905065795475104,-1.4147316039838418,1.0797161573030183
2023-05-16,-0.006398107681917463,0.0058893208235718105,-1.4147316039838418,1.1266989925002888
2023-05-18,0.009400723063727155,0.049568615505478746,-1.4147316039838418,4.201093086835419
2023-05-22,0.00015502267980239146,-0.04982814426410975,-1.4147316039838418,3.0128894625088805
2023-05-23,-0.011285468768284297,0.046265113609435415,-1.4147316039838418,1.1838272891506547
2023-05-24,-0.007345512678305211,0.02351664137575075,-1.4147316039838418,0.42239690871548685
2023-05-25,0.008719456079011883,0.07390052032710898,-1.4147316039838418,3.9312595663486833
2023-05-26,0.012964680931640788,0.07784010660543,-1.4147316039838418,-0.2719631140007217
2023-05-30,1.660313066576836e-05,-0.04545082982256909,-1.4147316039838418,3.7905010969436965
2023-05-31,-0.006127358186214099,-0.06419019669813368,-1.4147316039838418,5.896038514727585
2023-06-01,0.009806215085853812,-0.02767765946212412,-1.4147316039838418,-0.07730168338721066
2023-06-02,0.014429812390107408,0.027120388423994002,-1.4147316039838418,2.2446474198628033
2023-06-05,-0.002005591490657713,-0.13656199378864806,-1.4147316039838418,-0.6589523657695585
2023-06-06,0.002351130233850576,-0.06944933776874568,-1.4147316039838418,-0.4240379316883278
2023-06-09,0.0011474010230505239,-0.0014337248360685253,-1.4147316039838418,4.16891744927756
2023-06-12,0.00927797498175416,-0.02102288154628079,-1.4147316039838418,1.4116224229224095
2023-06-13,0.006908570725908898,0.013100646475644259,-1.4147316039838418,-1.9379942636693783
2023-06-14,0.0008190899801265841,0.08187652073388114,-1.4147316039838418,5.612544523285486
2023-06-15,0.012104580493589997,-0.027010458630547705,-1.4147316039838418,3.9676894768986086
2023-06-16,-0.0036783764677510893,-0.05125723893976474,-1.4147316039838418,0.6727901655803505
2023-06-20,-0.004746353835236048,0.04369968610284749,-1.4147316039838418,3.050219295163879
2023-06-21,-0.005259086366925201,-0.06850038475975376,-1.4147316039838418,3.3523383496971384
2023-06-22,0.0037039303873345254,0.024800698656906404,-1.4147316039838418,3.200568017080138
2023-06-23,-0.007688288056502158,-0.050232148180967114,-1.4147316039838418,0.5399230510078713
2023-06-26,-0.004496934363132171,-0.022214622103519467,-1.4147316039838418,1.5252643096137968
2023-06-27,0.01139073352418076,0.04023311083432769,-1.4147316039838418,3.574984407642111
2023-06-28,-0.0003541393883898215,0.05852160284113717,-1.4147316039838418,-2.8982457814841034
2023-06-29,0.00446356811449,-0.03644563657852305,-1.4147316039838418,0.5421121460441215
2023-06-30,0.0121943502618858,-0.02282023687755186,-1.4147316039838418,1.6324871017211307
2023-07-03,0.0011699930926736418,0.008157231408190429,-0.5248502631730244,-0.2498080746695277
2023-07-07,-0.002869212795733482,0.04397109126777171,-0.5248502631730244,2.1629478739297747
2023-07-10,0.002402138610626312,0.08512897479383684,-0.5248502631730244,-0.914757829137021
2023-07-11,0.006719583998254874,-0.04030936641410981,-0.5248502631730244,4.35992373006182
2023-07-12,0.007383905235389679,0.016053841382581882,-0.5248502631730244,2.273925913976262
2023-07-13,0.008434482989627111,-0.015379744366417212,-0.5248502631730244,0.6471835202851735
2023-07-14,-0.001024932196907484,-0.09167798335466223,-0.5248502631730244,1.7046273332538044
2023-07-17,0.0038479695744204137,0.005156526770827636,-0.5248502631730244,2.1525313225712517
2023-07-18,0.007092066941428338,-0.020037739511752393,-0.5248502631730244,1.4651037577266994
2023-07-19,0.002355134827233639,0.01044001959958077,-0.5248502631730244,-0.048150387341260314
2023-07-20,-0.006779827396257691,-0.013443021956755858,-0.5248502631730244,-0.6686228664571732
2023-07-21,0.0003240420146130911,0.03400179957037673,-0.5248502631730244,1.9199483754329925
2023-07-24,0.004026038496874852,0.01657692317794938,-0.5248502631730244,2.4432375513422526
2023-07-25,0.0028107195758387046,-0.028272951525750628,-0.5248502631730244,0.04502501230262601
2023-07-26,-0.00015545097867591856,0.02253817417444661,-0.5248502631730244,-0.6891900561831306
2023-07-27,-0.006445393055197076,-0.003601025974701848,-0.5248502631730244,3.05396291740974
2023-07-28,0.009829375810433848,-0.049548034075017525,-0.5248502631730244,2.258312862294844
2023-07-31,0.0014676354365687912,0.08846346450642487,-0.5248502631730244,0.9727781280729748
2023-08-01,-0.0026686453076827116,-0.07790527095526234,-0.5248502631730244,3.965224320368117
2023-08-03,-0.0025512254502915274,0.021771555594829822,-0.5248502631730244,-0.35252577773738847
2023-08-04,-0.0053141693739379705,0.14415316078816753,-0.5248502631730244,1.418715147734774
2023-08-08,-0.004227205100058866,0.07150230060821486,-0.5248502631730244,1.2727849532660271
2023-08-09,-0.007063619102045116,-0.08096905581433864,-0.5248502631730244,3.501785263280081
2023-08-10,0.00025068252108086326,0.013854082529355417,-0.5248502631730244,0.5992947049492147
2023-08-14,0.005734004879419051,-0.006916070021043906,-0.5248502631730244,2.7727386749126786
2023-08-15,-0.011618139396096483,-0.0658432763693428,-0.5248502631730244,-2.651287965641791
2023-08-16,-0.007584081792624527,-0.0013486487456545642,-0.5248502631730244,1.99398998644754
2023-08-17,-0.0077428113775290805,0.1049555403517943,-0.5248502631730244,2.4244190920980557
2023-08-18,-0.00014871788395720285,0.0192546023319537,-0.5248502631730244,1.369008009421307
2023-08-22,-0.0027813310465456837,-0.03353540600052895,-0.5248502631730244,-1.2722356819848928
2023-08-23,0.010984330710791359,-0.0098751940591841,-0.5248502631730244,2.6637871860816547
2023-08-25,0.006695501060295156,-0.060109127091726666,-0.5248502631730244,2.6253376264458317
2023-08-28,0.006245078594196461,0.07357151648426023,-0.5248502631730244,3.247623621531673
2023-08-31,-0.0015982129743398576,-0.04267495616173323,-0.5248502631730244,-2.9431121245699607
2023-09-01,0.001797512765518541,-0.040245438035115294,-0.5248502631730244,3.9309671298686135
2023-09-05,-0.004202997821381205,-0.022587511965907553,-0.5248502631730244,3.8345375074782067
2023-09-06,-0.006996014491432261,-0.036012859779136375,-0.5248502631730244,-3.322057806467231
2023-09-07,-0.003216433115732967,0.06792278510731134,-0.5248502631730244,2.006352556184739
2023-09-08,0.0014256060622570594,0.030923024672847757,-0.5248502631730244,3.715532487497729
2023-09-11,0.006700951498135517,-0.003466221267795236,-0.5248502631730244,2.8961946624946617
2023-09-12,-0.005712169023003997,-0.03966521887634129,-0.5248502631730244,3.8792536735004264
2023-09-13,0.0012408621175346041,-0.0028943552301342276,-0.5248502631730244,2.9616876464612316
2023-09-15,-0.012234145842493929,-0.0541453084074137,-0.5248502631730244,3.9177823874385376
2023-09-19,-0.0021533273615331264,0.07293726135107188,-0.5248502631730244,4.166422608592746
2023-09-21,-0.016536918318488084,0.00782641191758886,-0.5248502631730244,2.3804223478463795
2023-09-26,-0.014844165482264943,-0.01957461096422612,-0.5248502631730244,1.4720742555522157
2023-09-28,0.005875877143000698,0.1139625165984174,-0.5248502631730244,-1.8000787117610513
2023-10-09,0.006284068119387409,-0.0048556962591010805,-0.7452125461025854,1.671360478561445
2023-10-10,0.005194476099985354,-0.057890340650457284,-0.7452125461025854,-1.5436369740592313
2023-10-11,0.004283819500095073,0.014224990313812625,-0.7452125461025854,2.6514588198247555
2023-10-12,-0.006266024940654918,-0.03858814768935068,-0.7452125461025854,1.4298582799123511
2023-10-13,-0.005031495660219892,-0.056778564506664936,-0.7452125461025854,2.4120093501305844
2023-10-16,0.010538642302589985,0.03661179918471129,-0.7452125461025854,3.425211329686767
2023-10-18,-0.013490408251151898,-0.11565025596248249,-0.7452125461025854,3.3446971269230756
2023-10-19,-0.008519032328057976,0.03819216578233453,-0.7452125461025854,3.124691800884896
2023-10-20,-0.012665149196155915,0.07226864500819706,-0.7452125461025854,-1.6693560876844682
2023-10-23,-0.0016869920654349177,0.10743953638554433,-0.7452125461025854,-1.612789749656997
2023-10-25,-0.014443434657238052,-0.06370967028123974,-0.7452125461025854,1.5558356862838814
2023-10-27,-0.00481183857862075,0.0623287110258037,-0.7452125461025854,3.0001901870546726
2023-10-30,0.011938474300285915,0.023979605620941095,-0.7452125461025854,0.41517904692360896
2023-11-06,0.0017514577241005862,-0.07442726548610695,-0.7452125461025854,2.222837647526511
2023-11-07,0.0028360934017119537,-0.04907756227614069,-0.7452125461025854,1.9571621216580302
2023-11-08,0.0010044110324198868,-0.0013422487895297923,-0.7452125461025854,3.6519839188299206
2023-11-10,0.015495759270772258,-0.024608255254246005,-0.7452125461025854,1.7242101372381573
2023-11-13,-0.0008361884413700847,0.05650461608727744,-0.7452125461025854,1.6077887804113076
2023-11-14,0.01889537047457725,-0.07607195835929698,-0.7452125461025854,2.1943019851957426
2023-11-15,0.0015957382078471765,0.04079377559244869,-0.7452125461025854,1.218004925202422
2023-11-16,0.0011897193967137305,-0.04149975718963313,-0.7452125461025854,2.435670629546037
2023-11-20,0.007363103793795633,0.009824597595795924,-0.7452125461025854,2.674968982406351
2023-11-24,0.0005966956096450322,-0.004484272494153086,-0.7452125461025854,0.8566170197918437
2023-11-27,-0.0019560693168983586,-0.03817257239318107,-0.7452125461025854,2.773016532908796
2023-11-30,0.003776931264994605,0.0,-0.7452125461025854,3.6832877298863904
2023-12-01,0.005856558953846637,0.022595427349522586,-0.7452125461025854,1.923254386394081
2023-12-04,-0.005423188063826943,-0.004633171749536602,-0.7452125461025854,3.965962143566403
2023-12-05,-0.0005690315939348026,-0.0227015588361216,-0.7452125461025854,-0.6182596389421833
2023-12-06,-0.003913851944943747,0.0350093947727438,-0.7452125461025854,2.7174142066672093
2023-12-08,0.0040871341465037936,0.009295177888952625,-0.7452125461025854,2.5052510544949205
2023-12-11,0.003916813547781492,0.006915137061659103,-0.7452125461025854,2.819897241339152
2023-12-12,0.0045888127956924,-0.05589806201597754,-0.7452125461025854,2.406092757008514
2023-12-13,0.01355834517501981,0.022418851461215666,-0.7452125461025854,-2.9162598582420203
2023-12-14,0.002643565185154432,-0.04535193559782461,-0.7452125461025854,3.290525876843812
2023-12-15,-7.625240044859478e-05,0.009892899244538936,-0.7452125461025854,-2.8918126546241316
2023-12-18,0.004518122263400515,0.02351141719134706,-0.7452125461025854,1.0506724962927652
2023-12-20,-0.014793147965305628,0.0225452934750457,-0.7452125461025854,4.219122066396482
2023-12-22,0.0016586821527610754,0.0870779087201619,-0.7452125461025854,2.6633101024546244
2023-12-26,0.004222761046978559,-0.00146416263251253,-0.7452125461025854,2.3772197154127195
2023-12-27,0.0014294356164229985,-0.04648512304109983,-0.7452125461025854,0.9483369659672309
2023-12-28,0.0003701061103271183,-0.003074557580709151,-0.7452125461025854,1.7402348005680892
2023-12-29,-0.0028304770367338357,-0.044066882988488563,-0.7452125461025854,1.8273000819332808
2024-01-02,-0.005676660799723162,0.0032128510314717836,-0.7452125461025854,-0.40547516788630883
2024-01-03,-0.008048618327197648,-0.0016051735149952427,-0.44904169989377046,-1.8620217392008613
2024-01-04,-0.003434271663317429,0.05849620755206713,-0.44904169989377046,1.2426692331121965
2024-01-08,0.014015945436353141,0.006389808914936812,-0.44904169989377046,1.2278911764381255
2024-01-09,-0.0014789938523175842,-0.05678379137481154,-0.44904169989377046,3.569615365616081
2024-01-10,0.005649980650495912,-0.020432073224587316,-0.44904169989377046,4.96168502473545
2024-01-11,-0.0006712808369611647,-0.024769044342090624,-0.44904169989377046,1.6577208559802212
2024-01-12,0.0007506937530339595,-0.005501047194517584,-0.44904169989377046,-0.31374325194930064
2024-01-16,-0.0037383190523568345,-0.019897195079787117,-0.44904169989377046,0.362649376294687
2024-01-17,-0.005632731271107821,0.02068492486626542,-0.44904169989377046,0.24635009125988616
2024-01-18,0.008766720726243148,0.08596098276860784,-0.44904169989377046,0.0
2024-01-19,0.012238308232548512,0.06638831292880744,-0.44904169989377046,3.6652827143886735
2024-01-22,0.0021919211872316853,-0.04565106934788655,-0.44904169989377046,-1.262701153303007
2024-01-23,0.002917115340764486,-0.06053615522690582,-0.44904169989377046,1.3036602734145994
2024-01-24,0.0008115989762168653,-0.008305114652697272,-0.44904169989377046,2.703189198122963
2024-01-25,0.00524657813497798,-0.0497382541401881,-0.44904169989377046,1.3047327549415875
2024-01-26,-0.0006519977554263648,0.04594035840873762,-0.44904169989377046,2.4355113056373607
2024-01-29,0.007528365505246204,0.023318052682289685,-0.44904169989377046,1.760172704442957
2024-01-30,-0.0006008303969786162,-0.014227089848027405,-0.44904169989377046,3.353629788030625
2024-01-31,-0.016236851740733683,0.0253178187724606,-0.44904169989377046,1.8599536057135198
2024-02-01,0.012416286114049784,-0.021554156857807073,-0.44904169989377046,1.9440480160606972
2024-02-05,-0.0031914247092839714,-0.0333010054652046,-0.44904169989377046,1.9145736705336054
2024-02-06,0.0023077459317481074,-0.0021637031473936137,-0.44904169989377046,0.8584616377953088
2024-02-07,0.008207682594008628,-0.013081603859306986,-0.44904169989377046,1.993216107226146
2024-02-08,0.000570420540090595,-0.045649500338780576,-0.44904169989377046,2.566458945504357
2024-02-09,0.0057259171287955156,-0.017767983297182415,-0.44904169989377046,1.9348770740359171
2024-02-12,-0.0009494041426524416,-0.003122560072828745,-0.44904169989377046,1.3311555118496416
2024-02-13,-0.013768609419845444,0.010886603777725476,-0.44904169989377046,2.9039253483418257
2024-02-14,0.009534168304216807,0.07449459331360889,-0.44904169989377046,3.464358294696582
2024-02-16,-0.0048150435759610425,-0.09733116413954013,-0.44904169989377046,1.8244786673506326
2024-02-20,-0.0060234264658172495,-0.02606698356529103,-0.44904169989377046,2.2783696060731193
2024-02-22,0.02090288866640342,0.0796104831722431,-0.44904169989377046,3.474864144016734
2024-02-23,0.000347887026502183,-0.005201567196740616,-0.44904169989377046,2.0451307562421186
2024-02-26,-0.003793939244668484,-0.05356033640438439,-0.44904169989377046,5.308453268973806
2024-02-27,0.001704895538720964,-0.055864645369204845,-0.44904169989377046,0.9572722901761523
2024-02-28,-0.001659531321112244,-0.0007275539764438033,-0.44904169989377046,1.1806505718998115
2024-03-01,0.007975936433387976,0.03007192795607551,-0.44904169989377046,0.4592199366632699
2024-03-04,-0.0011939745749630112,-0.03230828272568483,-0.44904169989377046,5.995852157373725
2024-03-05,-0.010245406275917994,-0.021879406901220193,-0.44904169989377046,2.0271185054054572
2024-03-06,0.005127932853001643,0.028573381665131348,-0.44904169989377046,-1.0010008768904648
2024-03-07,0.010251402284983627,0.06943756611583544,-0.44904169989377046,0.34278538835588906
2024-03-08,-0.006549922992050337,0.0027624300578069465,-0.44904169989377046,0.0051057901869873135
2024-03-11,-0.0011228682680281005,-0.004146545021177181,-0.44904169989377046,1.2612810363017768
2024-03-12,0.011139512586668012,0.020562766827898746,-0.44904169989377046,4.277040232182983
2024-03-14,-0.002875221051495188,-0.0950474087634793,-0.44904169989377046,2.1125813006591208
2024-03-15,-0.0065040228597376655,-0.006524137102079705,-0.44904169989377046,2.3485299102044115
2024-03-18,0.006298184238480456,0.04618935597842095,-0.44904169989377046,4.244166347662486
2024-03-19,0.00563325304434312,0.0006942193314014823,-0.44904169989377046,1.238960991903518
2024-03-20,0.008864765516360184,-0.00556716290639392,-0.44904169989377046,1.7902086818212957
2024-03-21,0.003231309094528888,-0.036238440258669194,-0.44904169989377046,1.6165253931375512
2024-03-22,-0.0014031718343267125,-0.05809524268421421,-0.44904169989377046,1.0044603584492475
2024-03-25,-0.0030596403820319297,-0.009245049313565606,-0.44904169989377046,0.3313852803018731
2024-03-26,-0.002803721982805726,0.010777651718640221,-0.44904169989377046,1.8875784021008428
2024-03-27,0.008593595582706042,0.009904778937777805,-0.44904169989377046,2.4345941738397814
2024-03-28,0.0011158627007616052,0.003783598305736472,-0.44904169989377046,1.4137623805075865
2024-04-02,-0.007265388203672426,0.017836882062060327,-0.44904169989377046,0.06329495496890625
2024-04-03,0.001090527523337898,0.04802118356729221,-0.3290152686191256,1.9066082582705828
2024-04-04,-0.01241103561926225,0.0679667085789778,-0.3290152686191256,0.7740273861372048
2024-04-05,0.011038050135699558,-0.01935096574743714,-0.3290152686191256,1.6545551167876507
2024-04-08,-0.0003747011900415767,0.13187268415873488,-0.3290152686191256,0.3247542142958955
2024-04-09,0.0014444494736345207,-0.019765911218254613,-0.3290152686191256,0.7344562748036753
2024-04-10,-0.009501981832212592,-0.053824720473343995,-0.3290152686191256,1.537080059891607
2024-04-12,-0.014657587802248536,0.053294004573997446,-0.3290152686191256,1.183511610545588
2024-04-15,-0.012094195787459195,-0.0579778335620304,-0.3290152686191256,1.9987159661311582
2024-04-16,-0.0020586245275039964,0.14925221979285147,-0.3290152686191256,1.6889308436680137
2024-04-17,-0.005797375076004185,0.10518719746045613,-0.3290152686191256,1.556560497466058
2024-04-18,-0.0022106017004853043,-0.04412089191313562,-0.3290152686191256,1.488086293836569
2024-04-19,-0.008797129654056974,-0.010379800419449975,-0.3290152686191256,2.0869868132020777
2024-04-23,0.01189356656772209,0.03868633345731804,-0.3290152686191256,2.2817466252847844
2024-04-24,0.00021298737793290078,-0.09938037060315114,-0.3290152686191256,1.6492980929959613
2024-04-25,-0.0045869342701194095,-0.07665418074960349,-0.3290152686191256,0.7437674076494953
2024-04-26,0.010157381332325343,0.01768843894684457,-0.3290152686191256,0.812113081740371
2024-04-29,0.0031734080766393944,-0.03829442884280131,-0.3290152686191256,3.940598245863966
2024-04-30,-0.015855551118928123,-0.022369364106276213,-0.3290152686191256,2.693434799400787
2024-05-01,-0.0034413534856316866,-0.0242435886429269,-0.3290152686191256,3.408979334039938
2024-05-02,0.009087024725084856,0.0646662952555313,-0.3290152686191256,1.8527834300696626
2024-05-03,0.012478557659508005,-0.01675292245214082,-0.3290152686191256,2.024461963125606
2024-05-06,0.010273173691247842,-0.047231926184048506,-0.3290152686191256,2.316841121371816
2024-05-07,0.0013425282288256131,-0.08453739072202397,-0.3290152686191256,0.8522120374074414
2024-05-08,-5.835635193424912e-06,0.0,-0.3290152686191256,0.4920960021493599
2024-05-09,0.005078032639106711,-0.019461709726451316,-0.3290152686191256,0.8072505363559969
2024-05-10,0.001648040080166728,-0.01753758606489831,-0.3290152686191256,1.7345373505524146
2024-05-13,-0.00024133317386520824,-0.02413510880196279,-0.3290152686191256,2.577550795686551
2024-05-14,0.004826148527454041,-0.011093567883784123,-0.3290152686191256,1.0596941574944225
2024-05-16,-0.0020838374740880464,-0.013323683562621993,-0.3290152686191256,1.9577270984065713
2024-05-17,0.0011640956878937513,-0.07502552963798141,-0.3290152686191256,1.4406629667243611
2024-05-20,0.0009159703084911664,-0.0024125249424847843,-0.3290152686191256,1.9833713424542272
2024-05-21,0.0024987497668926086,-0.03523513269813392,-0.3290152686191256,2.6174006293955445
2024-05-22,-0.0027097912093521476,0.013256188439843044,-0.3290152686191256,4.00072125900457
2024-05-23,-0.007408162283471933,-0.024157773768248323,-0.3290152686191256,0.9867481117637733
2024-05-24,0.0069766490766732595,0.03561455585241666,-0.3290152686191256,2.323396853310746
2024-05-28,0.00024877090688591537,0.038312785417210074,-0.3290152686191256,1.7920779638647486
2024-05-29,-0.007394317215742535,-0.06804244420089076,-0.3290152686191256,1.693258348215917
2024-05-30,-0.005992957535754186,0.07972024256920057,-0.3290152686191256,1.14022711202111
2024-05-31,0.007995824231928897,0.10008343395238188,-0.3290152686191256,2.4066366183084154
2024-06-03,0.0011154602235352391,0.013217620885411141,-0.3290152686191256,1.4903395069139769
2024-06-04,0.0015016810037827531,-0.1133010548377929,-0.3290152686191256,0.7982288435410985
2024-06-05,0.011778015849957281,0.014598767328195046,-0.3290152686191256,1.3477954240043233
2024-06-06,-0.00019983660163685183,0.0038066427145914943,-0.3290152686191256,2.781506485361956
2024-06-07,-0.0011158420502790662,-0.04110696887890819,-0.3290152686191256,1.9089695103687803
2024-06-10,0.002577529978240972,-0.003966700215845465,-0.3290152686191256,2.2096130676674273
2024-06-11,0.0027067148552095224,-0.029034269612359193,-0.3290152686191256,1.9257603608430922
2024-06-12,0.008467720241887338,0.041672656583176315,-0.3290152686191256,2.7690491555862162
2024-06-13,0.00234191143711672,0.008597208849178589,-0.3290152686191256,0.2299371736785299
2024-06-14,-0.00039393828099749413,-0.06510940431526659,-0.3290152686191256,1.9662612030673075
2024-06-17,0.007635164372320518,-0.008340363891643488,-0.3290152686191256,2.1252762179436577
2024-06-18,0.0025181541815171163,0.058553331842595924,-0.3290152686191256,3.092787865245029
2024-06-20,-0.0025291273954115403,0.007083866941161012,-0.3290152686191256,3.1139492481348987
2024-06-21,-0.0015633517188252497,-0.035931993719163995,-0.3290152686191256,2.3805822529132987
2024-06-24,-0.0030698791558664423,0.07665984605542543,-0.3290152686191256,4.247012223718854
2024-06-25,0.003925873679181344,-0.006042308797982368,-0.3290152686191256,2.327307237931001
2024-06-26,0.0015711962247204525,0.009800313324426333,-0.3290152686191256,2.855208484088935
2024-06-27,0.0009069098567990731,-0.03745181832153341,-0.3290152686191256,2.993834246741066
2024-06-28,-0.0040920134623695995,-0.022844629369817324,-0.3290152686191256,4.6923032102391815
2024-07-01,0.0026719909814295235,-0.025011422391106403,-0.3290152686191256,4.376086690247271
2024-07-02,0.0061762057711850496,0.016207795195103535,-0.3290152686191256,1.9973280391231993
2024-07-03,0.0050715622695336636,-0.017843077984553226,-0.33186477999603964,1.506667123788916
2024-07-05,0.00543397436096954,-0.015670467805554818,-0.33186477999603964,0.6036538896956762
2024-07-08,0.0010161824764044329,0.0049751694580224505,-0.33186477999603964,1.2581560730856023
2024-07-09,0.0007407974780654752,0.03174864901379818,-0.33186477999603964,1.3431425160532176
2024-07-10,0.010156314878105886,-0.00885314910859194,-0.33186477999603964,1.6975297069453241
2024-07-11,-0.008801649969266724,0.011254165621822165,-0.33186477999603964,0.6691851900940565
2024-07-12,0.00550186402496512,0.026815498252858585,-0.33186477999603964,3.572933010507621
2024-07-15,0.0028222164233526843,0.0054326632319714845,-0.33186477999603964,3.27846462236024
2024-07-16,0.0063690499714532745,-0.03625298783869797,-0.33186477999603964,2.219425145337445
2024-07-17,-0.014025441523645543,0.05161425837245012,-0.33186477999603964,1.3060783135283387
2024-07-18,-0.007847112145350072,0.005321160122665793,-0.33186477999603964,0.4206055634749777
2024-07-19,-0.007165879226406085,0.09330942042807858,-0.33186477999603964,1.9556231763201488
2024-07-22,0.010734217246220293,0.09543578773519995,-0.33186477999603964,1.2724955019408728
2024-07-23,-0.0015593176939461904,0.03636765272324057,-0.33186477999603964,3.0047913229366854
2024-07-24,-0.02342124222289286,-0.10253967725977965,-0.33186477999603964,0.8560333093839219
2024-07-25,-0.005155889019717259,-0.012824987101443355,-0.33186477999603964,3.366080173591037
2024-07-26,0.011029420409570924,0.20338443394305505,-0.33186477999603964,-0.6760157736441377
2024-07-29,0.0008129795718284517,0.023014614095178493,-0.33186477999603964,2.12238537566681
2024-07-30,-0.0049725143613676215,-0.11893482396303547,-0.33186477999603964,2.7050178405643512
2024-07-31,0.015669980701917767,0.0127313628261293,-0.33186477999603964,2.5886052051742334
2024-08-01,-0.013788123791990166,0.06359682001889519,-0.33186477999603964,2.481234203041987
2024-08-02,-0.01855290660855327,-0.07816016987934357,-0.33186477999603964,0.7102893653812498
2024-08-05,-0.0304270413923931,0.1277844414592625,-0.33186477999603964,1.0016313973032671
2024-08-06,0.010300849493599515,0.22968474456012009,-0.33186477999603964,2.194615371257738
2024-08-07,-0.007764715388769489,0.500166209806343,-0.33186477999603964,1.264933721509232
2024-08-08,0.02278113959089888,-0.33068143847259307,-0.33186477999603964,0.7612770934732104
2024-08-09,0.004660798434381699,0.0050396542353046,-0.33186477999603964,0.22614057883914887
2024-08-12,4.30330517200971e-05,-0.15756761727201954,-0.33186477999603964,-0.2628843981391872
2024-08-13,0.016707233419049988,-0.1552020913603775,-0.33186477999603964,2.4129364767920234
2024-08-14,0.00381643656119841,0.016553359762280576,-0.33186477999603964,0.5369605878188172
2024-08-15,0.01600448993130413,-0.1336002842703326,-0.33186477999603964,1.3151671128143816
2024-08-16,0.0019878023683961516,-0.11262254625371607,-0.33186477999603964,1.1748563097474571
2024-08-20,-0.001986527237609709,-0.028639943192801342,-0.33186477999603964,4.0523412854517495
2024-08-21,0.004230714721006796,-0.010186884233373265,-0.33186477999603964,3.39454839835002
2024-08-22,-0.00897294225665722,0.08062015360140978,-0.33186477999603964,1.155010147250888
2024-08-23,0.01141793740166443,0.0242624863407933,-0.33186477999603964,2.8138003585701625
2024-08-26,-0.0031587101696058145,0.07573095707315049,-0.33186477999603964,1.6654438276940666
2024-08-27,0.0015939251127232035,-0.10125371187992283,-0.33186477999603964,2.6848848679804593
2024-08-28,-0.005993900794735212,0.018119831488631097,-0.33186477999603964,2.5142101981512264
2024-08-29,-3.937984343658622e-05,-0.04560633989509903,-0.33186477999603964,2.536045252322038
2024-08-30,0.010042457079144168,0.10334943742316474,-0.33186477999603964,2.398762816551085
2024-09-03,-0.021377963372397696,-0.08919223096521478,-0.33186477999603964,2.799075725394599
2024-09-04,-0.0016038290273809634,-0.04242069150888951,-0.33186477999603964,1.9350630303045948
2024-09-05,-0.003022581014674196,0.32304918314980974,-0.33186477999603964,4.698629197946907
2024-09-06,-0.017410944507424406,0.02854620073156293,-0.33186477999603964,0.798581272632849
2024-09-09,0.011513534435818254,-0.0689258724224691,-0.33186477999603964,4.374874988439604
2024-09-10,0.004462699977793541,0.11744795282340682,-0.33186477999603964,2.0513246953758473
2024-09-11,0.01060855564984334,-0.14032055609438693,-0.33186477999603964,3.1939976491623354
2024-09-12,0.00746735215680267,-0.019206447268627396,-0.33186477999603964,3.375141074571689
2024-09-13,0.0053931422343560355,-0.07564112366000948,-0.33186477999603964,3.4627588347403138
2024-09-16,0.0012558408673102855,-0.035677019433049094,-0.33186477999603964,2.267915487960275
2024-09-17,0.00026451509389645083,-0.030332402221190383,-0.33186477999603964,1.894613313826263
2024-09-18,-0.0029006587083132912,0.034424760852599955,-0.33186477999603964,-1.6177888445064565
2024-09-19,0.016834356892725128,0.02705207960763049,-0.33186477999603964,3.6426120461912976
2024-09-20,-0.0019429136300157343,0.034601606412624705,-0.33186477999603964,1.7637111739858569
2024-09-23,0.0028053344257131223,-0.11006466126974973,-0.33186477999603964,3.581471830371319
2024-09-24,0.002508031103345345,-0.011083876262113658,-0.33186477999603964,1.8712519447429294
2024-09-25,-0.001862983206212128,-0.01623002389340957,-0.33186477999603964,0.4890849655137332
2024-09-26,0.004030542158199222,-0.03197203199588042,-0.33186477999603964,1.379390451006439
2024-09-27,-0.0012540029000721238,0.0012986692711907113,-0.33186477999603964,2.8213796990868754
2024-09-30,0.004227603658441509,-0.0025990893253781478,-0.33186477999603964,0.4522074725869553
2024-10-01,-0.009367848694454447,0.09844002627741914,-0.33186477999603964,1.3875085190228338
2024-10-02,0.00013838132698647728,-0.013654088745303506,-0.33186477999603964,2.7511153464620954
2024-10-03,-0.0016828286544586894,0.14082693061688453,-0.21770181915311998,1.1848958645934635
2024-10-04,0.008930255699186382,-0.018868516371758504,-0.21770181915311998,4.677145587104304
2024-10-07,-0.009632263829388773,0.08077504919837869,-0.21770181915311998,1.250416425900737
2024-10-08,0.009642706804694385,-0.06450602195882109,-0.21770181915311998,0.7532605890987805
2024-10-09,0.007088231016994585,0.16428729725441985,-0.21770181915311998,-0.5414764853492684
2024-10-10,-0.0020722685059824846,-0.05539315779457903,-0.21770181915311998,2.9227742347879038
2024-10-11,0.00603360870729872,-0.02649158974936262,-0.21770181915311998,0.46131015974074274
2024-10-15,-0.0076385660375134215,-0.022711835262393478,-0.21770181915311998,3.1581701202226893
2024-10-16,0.004668232782779766,-0.037853041304464326,-0.21770181915311998,2.801291019553769
2024-10-17,-0.00017117512853816633,0.0466122365702319,-0.21770181915311998,0.9110112623846925
2024-10-18,0.003963686942774387,-0.05272227783622492,-0.21770181915311998,2.4154991953863165
2024-10-22,-0.0004749666671957937,-0.05817471489231307,-0.21770181915311998,-0.43012145940037105
2024-10-23,-0.009233824267679564,0.018681869613305074,-0.21770181915311998,2.1243601453629184
2024-10-24,0.0021434731305568283,-0.009297308909531486,-0.21770181915311998,1.7103406680316648
2024-10-25,-0.00029949201318627087,0.05556979733891606,-0.21770181915311998,2.0920373382225974
2024-10-28,0.002647934626732945,-0.008350771319909049,-0.21770181915311998,1.5892196470818671
2024-10-29,0.0016128259449012198,0.06345696186597276,-0.21770181915311998,-0.028913482884366105
2024-10-30,-0.0033056916724881185,-0.026415724719285577,-0.21770181915311998,2.922684101968405
2024-10-31,-0.018790134928745348,-0.023506401253288445,-0.21770181915311998,1.3345250763111136
2024-11-01,0.004084158004525459,0.05090543271914016,-0.21770181915311998,3.613519362399568
2024-11-04,-0.0028160448131902913,0.12934571548232596,-0.21770181915311998,2.8383539644944857
2024-11-05,0.012191031029563081,-0.056853706918779355,-0.21770181915311998,1.928270503282836
2024-11-06,0.024981280957186654,0.004559988951510874,-0.21770181915311998,2.3499189895357073
2024-11-07,0.007403754173995657,-0.07019597706871061,-0.21770181915311998,1.0514578594447002
2024-11-08,0.0037497940357180464,-0.2306140017140018,-0.21770181915311998,6.309459891010206
2024-11-11,0.0009685941909569238,-0.06802753406250556,-0.21770181915311998,-0.1602875329166773
2024-11-12,-0.0028968514769364996,-0.017253263686007284,-0.21770181915311998,-1.8910695725288444
2024-11-13,0.00023220076414018386,0.0020060646512555826,-0.21770181915311998,0.14891068500092963
2024-11-14,-0.006068108582244,-0.017520679062518398,-0.21770181915311998,1.8320724113594078
2024-11-15,-0.013291430866793769,-0.04804262294940944,-0.21770181915311998,2.5694551297271024
2024-11-18,0.003910159746206537,0.020473708634473634,-0.21770181915311998,1.8994028964928913
2024-11-19,0.003955750520596487,0.12034200213404177,-0.21770181915311998,0.914872384987845
2024-11-20,2.19506213354446e-05,-0.03531258948003348,-0.21770181915311998,-0.699156860508385
2024-11-21,0.005326251844288491,0.04823988512905733,-0.21770181915311998,3.204912908274741
2024-11-22,0.0034619595915364653,0.04835316449300409,-0.21770181915311998,2.68600332128252
2024-11-25,0.0030159278201245415,-0.0170441388627829,-0.21770181915311998,0.7839358680916828
2024-11-26,0.005705697155263866,-0.10161341106495818,-0.21770181915311998,2.47901604759337
2024-11-27,-0.003808481083577712,-0.04290198039765308,-0.21770181915311998,1.3082821187440297
2024-11-29,0.005592120396801623,-0.03484673040364113,-0.21770181915311998,2.43001364149197
2024-12-02,0.0024454638805813736,0.0,-0.21770181915311998,3.072625131936358
2024-12-03,0.0004513472420221813,-0.04274465552494473,-0.21770181915311998,3.7957158576032564
2024-12-04,0.00603318162813612,-0.012663116987917826,-0.21770181915311998,2.300595285145038
2024-12-05,-0.0018715258393823342,-0.0030030023571751023,-0.21770181915311998,2.8420158829830595
2024-12-06,0.0024923453675383123,0.011215042298142144,-0.21770181915311998,1.6823436241099747
2024-12-09,-0.006163167285227462,0.006669172799957789,-0.21770181915311998,1.7031504354114635
2024-12-10,-0.002968284314279252,-0.058549558775524854,-0.21770181915311998,3.0257551017750175
2024-12-11,0.008132626411368235,0.1054387557094042,-0.21770181915311998,1.9487092793636456
2024-12-12,-0.005428731461463251,-0.0007049189751086937,-0.21770181915311998,2.8802055951163004
2024-12-13,-2.646698937187397e-05,-0.043234426113106225,-0.21770181915311998,1.1373301923506958
2024-12-16,0.0037921550087844295,0.02472854387472121,-0.21770181915311998,2.1202653503489732
2024-12-17,-0.0038714794806554956,-0.007933662580971048,-0.21770181915311998,2.8926397300019526
2024-12-18,-0.02993650530451818,0.06177396381481069,-0.21770181915311998,2.762330129369597
2024-12-19,-0.0008654867505367934,0.07726356570616974,-0.21770181915311998,2.7112350373300944
2024-12-20,0.010810479402397299,0.554109651038965,-0.21770181915311998,0.8568958695499896
2024-12-23,0.007260849585616372,-0.13674335540527865,-0.21770181915311998,0.7955907906517122
2024-12-24,0.010982233165126825,-0.271622404524963,-0.21770181915311998,1.4624214234930826
2024-12-26,-0.0004057410882578191,-0.08998667647636249,-0.21770181915311998,2.2652340825413195
2024-12-27,-0.01111730496491221,-0.1620282783920423,-0.21770181915311998,3.7057687731159095
2024-12-30,-0.010759673941729728,0.031726735830086665,-0.21770181915311998,1.5176694170159866
2024-12-31,-0.0042940064589823065,0.07957261787497986,-0.21770181915311998,2.10195334252981
2025-01-02,-0.002226363149448992,0.08701136702438074,-0.21770181915311998,2.1692086133313064
2025-01-03,0.01251735670782609,-0.002877655917339942,-0.2879644956859604,2.362815812134116
2025-01-06,0.005522766496818171,0.032882776257846205,-0.2879644956859604,1.6853035037505655
2025-01-07,-0.011166021516637011,-0.10579446452967473,-0.2879644956859604,0.259467393183439
2025-01-08,0.0015591440938312422,-0.005595180591635829,-0.2879644956859604,1.5500777489433994
2025-01-10,-0.015531637650233373,0.10523574540106705,-0.2879644956859604,2.429728442103371
2025-01-13,0.0015742043780551176,-0.006756722233491995,-0.2879644956859604,2.885545086063969
2025-01-14,0.001145623334164268,0.09889901078493853,-0.2879644956859604,2.151452523925353
2025-01-15,0.018147132504516373,-0.018074355619041128,-0.2879644956859604,2.186565922329053
2025-01-16,-0.0021149243408667613,-0.02533124649612117,-0.2879644956859604,1.6023421715425983
2025-01-17,0.009941478308394033,-0.14899730221337662,-0.2879644956859604,2.4853810106917122
2025-01-21,0.00873000944059605,0.029341929202495187,-0.2879644956859604,1.8298983708853231
2025-01-22,0.006119181086994129,-0.03869073939502857,-0.2879644956859604,1.4861280708773725
2025-01-23,0.005299419459529372,-0.05866972871283094,-0.2879644956859604,2.990473789705186
2025-01-24,-0.002859215984467759,0.002652518849032259,-0.2879644956859604,3.7542665159542152
2025-01-27,-0.014688059032112328,-0.005312092270843689,-0.2879644956859604,1.054167296362134
2025-01-28,0.009175644177716802,-0.01138278587602501,-0.2879644956859604,2.373893994167555
2025-01-29,-0.004689876056919602,0.18680080059864573,-0.2879644956859604,2.968264518364156
2025-01-30,0.005261548152180238,-0.08690979573202155,-0.2879644956859604,1.7376927778605542
2025-01-31,-0.005059603990267195,0.00909922090372748,-0.2879644956859604,3.5366641559830763
2025-02-03,-0.007637690729495203,-0.044451720687903346,-0.2879644956859604,1.0575388052219292
2025-02-04,0.007198907403029113,0.0365705546041249,-0.2879644956859604,2.4710103847793103
2025-02-05,0.003901053915613614,0.12512736629705268,-0.2879644956859604,1.8255086829733584
2025-02-06,0.003637674355266266,-0.0787457598944896,-0.2879644956859604,1.5148249115989385
2025-02-07,-0.0095098456936602,-0.08738112702359498,-0.2879644956859604,3.1724340304705936
2025-02-10,0.006690112295455172,-0.017269406077245503,-0.2879644956859604,2.5516661404841288
2025-02-11,0.00033952514367385523,0.06494172102266113,-0.2879644956859604,2.5353330083445957
2025-02-12,-0.0027275831896475754,-0.045139067185260916,-0.2879644956859604,-0.5503321626822034
2025-02-13,0.010372313214235747,0.013195292452123142,-0.2879644956859604,2.025516122964241
2025-02-14,-7.19463955744955e-05,-0.008147968059884936,-0.2879644956859604,3.694729422850373
2025-02-18,0.002442003655551809,-0.050995233071065085,-0.2879644956859604,2.803884376457748
2025-02-19,0.0023741488668242434,-0.022096641547685154,-0.2879644956859604,2.2918042508971794
2025-02-20,-0.004343604884290259,0.038517371348564894,-0.2879644956859604,3.986586872864575
2025-02-21,-0.017211396672539132,-0.005225349676138614,-0.2879644956859604,0.42226247000399547
2025-02-24,-0.004981493566252351,0.02521953161034285,-0.2879644956859604,2.6467265412259255
2025-02-25,-0.004690715138395557,0.15086116264458116,-0.2879644956859604,1.7074350044718982
2025-02-26,0.00013601502958346571,0.0414149256001298,-0.2879644956859604,0.8519103412067379
2025-02-27,-0.015991742678524653,0.02343251003220151,-0.2879644956859604,-0.7118154391477495
2025-02-28,0.015729780420663385,-0.017129924070949657,-0.2879644956859604,1.6623187430408761
2025-03-03,-0.017753402648308866,0.10100543688551947,-0.2879644956859604,1.5773878462086202
2025-03-04,-0.012310288231505477,-0.07363482637456453,-0.2879644956859604,1.2301026027968744
2025-03-05,0.011097472528735688,0.14882402262573163,-0.2879644956859604,0.06093196573326175
2025-03-06,-0.017979677107455568,0.031542884125980525,-0.2879644956859604,2.796660186938875
2025-03-07,0.005505435045454467,-0.06957029594178693,-0.2879644956859604,2.6790979391218332
2025-03-10,-0.027343541788428148,0.12580671521442058,-0.2879644956859604,2.0809091461488705
2025-03-11,-0.007596646918536578,-0.062209107098641185,-0.2879644956859604,2.60569956705967
2025-03-12,0.004874967940490777,0.17573880579798803,-0.2879644956859604,1.344123869809197
2025-03-13,-0.013988366806464148,-0.03432248264884245,-0.2879644956859604,2.084571885941671
2025-03-14,0.02104290595319694,-0.10527799167462569,-0.2879644956859604,2.5297923525859867
2025-03-17,0.0063956349746060355,0.017590975612529973,-0.2879644956859604,1.334740239691308
2025-03-18,-0.010710667074319702,-0.12464959527480426,-0.2879644956859604,2.374515646451206
2025-03-19,0.010740608172953766,-0.059620313029912886,-0.2879644956859604,1.250161303487249
2025-03-20,-0.002187283513782985,0.05639971246110034,-0.2879644956859604,2.5453883072271184
2025-03-21,0.0008243136078323211,-0.0865925831437999,-0.2879644956859604,2.039508292087673
2025-03-24,0.01749211712863917,-0.005037813392920311,-0.2879644956859604,0.030647358488885734
2025-03-25,0.0015730954906538206,-0.02661357437140071,-0.2879644956859604,1.1404229188409996
2025-03-26,-0.011219640357598032,-0.09801098075725649,-0.2879644956859604,0.26404445770530305
2025-03-27,-0.0033124610071321114,-0.019059192670720065,-0.2879644956859604,3.9220496748020355
2025-03-28,-0.019934601126853548,0.06654090632055294,-0.2879644956859604,2.8342790779362463
2025-03-31,0.005523240357645722,0.01944959235261349,-0.2879644956859604,2.7845128213735784
